S.No,Research Article URL,Business Problem,Data set used / variable used,Download Data If available,Solution approach,Any interesting insights
1,https://www.nature.com/articles/s42003-019-0491-6,Poor sperm DNA integrity reduces IVF success; manual selection inefficient.,Sperm cell images; DNA Fragmentation Index (DFI).,Not publicly available.,Deep CNN trained to predict DFI from images for quality selection.,"Identifies top 86th percentile sperm in <10ms per cell, correlates ~0.43 with DNA quality."
2,https://www.sciencedirect.com/science/article/pii/S0015028223005332,"Challenges in accurate, scalable sperm selection for ART.",Sperm morphology/motility images from IVF clinics.,Not available.,AI algorithms for large-data processing and selection.,AI potential to outperform traditional methods in consistency.
3,https://pmc.ncbi.nlm.nih.gov/articles/PMC11177495/,Enhancing ART success via better sperm selection techniques.,"Semen samples; motility, morphology parameters.",Not available.,Review of emerging trends like microfluidics and AI sorting.,Integrates multiple techniques to mimic female tract stringency.
4,https://academic.oup.com/hropen/article/2025/3/hoaf040/8185546,Need for stringent sperm selection reflecting natural reproduction.,Clinical sperm samples from IVF cycles.,Not available.,Rational techniques beyond swim-up/density gradient.,Highlights gaps in current methods' physiological mimicry.
5,https://onlinelibrary.wiley.com/doi/10.1155/and/8165541,Predicting sperm motility and quality for better selection.,"Sperm imaging data; motility, morphology metrics.",Not available.,Deep learning to forecast motility and link to quality.,DL aids automated selection in clinical settings.
6,Efficacy of Various Sperm Selection Strategies 2,High sperm DNA fragmentation in recurrent pregnancy loss despite normal semen analysis,"Semen samples from couples with unexplained recurrent pregnancy loss/ Sperm DNA fragmentation index (DFI), motility ",Not specified ,Strategies for selecting sperm with intact DNA integrity,Implementing selection reduces DFI risks in ART 
7,Improving sperm selection strategies for assisted reproduction 3,Male factors in ~50% of infertility cases driving ART use,"Semen from infertile males / DNA damage markers, motility",Not specified,Felix™ device vs. density gradient centrifugation (DGC),"Felix™ selects lower DNA damage sperm rapidly, ideal for oligozoospermic cases "
8,Artificial intelligence for sperm selection—a systematic review 4,Inefficient manual sperm selection in IVF/ICSI,"Aggregated from multiple studies on sperm images and videos / Morphology, motility parameters ",Review-no primary data,AI and machine learning models for selection,AI advances high-throughput selection from billions of gametes
9,Emerging trends in sperm selection 6,Apoptotic sperm and DNA fragmentation reducing ART success,"Semen samples processed via various methods / Apoptosis markers, DNA fragmentation, motility ",PMC open access ,MACS combined with DGC,DGC-MACS lowers fragmentation and oxidative stress for better ICSI
10,Machine learning for sperm selection 5,Selecting optimal sperm from 10^8 gametes in male infertility treatments,"Sperm imaging datasets / Morphology, motility trajectories",PubMed abstract ,Machine learning algorithms for analysis/selection,"ML uniquely suits high-volume sperm challenges, aiding clinics"
